concept_id,exam,dataset,varname,n_total,n_issues,examples,issue
DEIDENTIFIED_SUBJECT_ID,NA,NA,NA,NA,NA,SUBJECT_ID mapped as measure,admin_filtered_id_concept
DEIDENT_SUBJECT_ID,NA,NA,NA,NA,NA,SUBJECT_ID mapped as measure,admin_filtered_id_concept
F08_ID,NA,NA,NA,NA,NA,SUBJECT_ID mapped as measure,admin_filtered_id_concept
MED_ADHERENCE_SUBJECT_ID,NA,NA,NA,NA,NA,SUBJECT_ID mapped as measure,admin_filtered_id_concept
SUBJECT_ID,NA,NA,NA,NA,NA,SUBJECT_ID mapped as measure,admin_filtered_id_concept
3D_QUALITY_SCORE,I,i5echo,I3DQCT,3184,3184,"B, , T",non_numeric_coerced
ABP_END_TEST_TIME,C,c1f42a,C42AETM,316,307,"08:02:00, 10:06:00, 14:53:00, 12:25:00, 14:11:00",non_numeric_coerced
ABP_FIRST_OFFICE_RUN_TIME,C,c1f42a,C42ATMHM,316,316,"08:21:00, 10:29:00, 10:32:00, 11:41:00, 13:57:00",non_numeric_coerced
ABP_OBS_TIME,C,c1f42,C42_TIME,25934,25934,"08:21:00, 08:22:00, 08:24:00, 08:32:00, 08:37:00",non_numeric_coerced
ADJUSTED_AGATSTON_SCORE_AVG,F,f3ebct,FR3ADJSC,3671,1074,"21227, 30345, 40575, 10549, 30540",Short_ID_map_fail
ALERT_OTHER_ALERT_FINDINGS_SPECIFY,H,h4f40,H40OTALERX,NA,NA,,varname_not_found_anywhere
ALERT_OTHER_ALERT_FINDINGS_SPECIFY,I,i1f40,I40OTALERX,3186,3186,", INTRA-CARDIAC SHUNT PFO VS. ASD?, LOW EF/POOR OVERALL FUNCTION, #9 LOW EF, LOW EF",non_numeric_coerced
ALERT_PRIOR_Y10_ECHO,H,h4f40,H40Y10ALERT,3470,3465,", N/A, NA, N/A
, N/C",non_numeric_coerced
ALERT_PRIOR_Y10_ECHO,I,i1f40,I40Y10ALERT,3186,3182,", NA, N/A",non_numeric_coerced
ALERT_PRIOR_Y25_ECHO,I,i1f40,I40Y25ALERT,3186,3172,", 1,2,6",non_numeric_coerced
ALPHACODE,G,g3f77,G77APCODE,3252,3252,"CECCS, CESAC, XEXXH, XESHA, MEHUH",non_numeric_coerced
AMU_TIME_FROM_AMU,C,c1f42b,C42BAMUT,25399,25399,"08:21:00, 08:22:00, 08:24:00, 08:32:00, 08:37:00",non_numeric_coerced
AMU_TIME_FROM_DIARY,C,c1f42b,C42BDIAT,25399,15880,"08:32:00, 08:37:00, 08:52:00, 09:12:00, 09:32:00",non_numeric_coerced
ANY_CAC_INDICATOR,H,h4ebct,Y25cac,NA,NA,,varname_not_found_anywhere
APICAL_VIEW_QUALITY_TYPE,H,h10echo,HAPICALQCT,3474,3474,", B, T",non_numeric_coerced
APICAL_VIEW_QUALITY_TYPE,I,i5echo,IAPICALQCT,3184,3184,"B, , T",non_numeric_coerced
BIRTHDATE,B,b4ref,BIRTHDT,NA,NA,,varname_not_found_anywhere
BIRTHDATE,C,c2ref,BIRTHDT,NA,NA,,varname_not_found_anywhere
BIRTHDATE,D,d3ref,BIRTHDT,NA,NA,,varname_not_found_anywhere
BIRTHDATE,E,e3ref,BIRTHDT,NA,NA,,varname_not_found_anywhere
BIRTHDATE,F,f3ref,BIRTHDT,NA,NA,,varname_not_found_anywhere
BIRTH_CONTROL_STOP_DATE_ALT,F,f1f09bcp,f09stpdate,NA,NA,,varname_not_found_anywhere
BLOOD_DRAW_TIME,E,e1f53,E53DRWTM,3949,230,"15:15:00, 13:45:00, 13:21:00, 13:25:00, 14:50:00",non_numeric_coerced
BLOOD_FREEZE_TIME,E,e1f53,E53FRZTM,3949,230,"15:30:00, 14:05:00, 14:03:00, 13:40:00, 15:07:00",non_numeric_coerced
BLOOD_SPIN_TIME,E,e1f53,E53SPNTM,3949,230,"15:17:00, 13:50:00, 13:25:00, 13:27:00, 14:52:00",non_numeric_coerced
CALTRAC_START_TIME,E,e1f53,E53CALTM,3949,233,"14:30:00, 14:00:00, 14:15:00, 16:06:00, 13:50:00",non_numeric_coerced
CIGARETTES_PER_DAY,J,j1f31,J31CIGDY,NA,NA,,varname_not_found_anywhere
COLLECTION_BEGIN_TIME_BY_COLLECTION,C,c1f39,C39BTIM3,1105,1050,"23:50:00, 04:30:00, 23:45:00, 00:30:00, 00:00:00",non_numeric_coerced
COLLECTION_END_TIME_BY_COLLECTION,C,c1f39,C39ETIM3,1105,1049,"23:50:00, 04:00:00, 22:00:00, 00:00:00, 23:00:00",non_numeric_coerced
CORE_QC_ID,F,f1f05,F05CQCID,NA,NA,,varname_not_found_anywhere
COVID19_DAYS_TO_RECOVER,J,j1f31,J31CVD19DY,NA,NA,,varname_not_found_anywhere
COVID19_FIRST_TEST_DATE,J,j1f31,J31CVD19TDT,NA,NA,,varname_not_found_anywhere
COVID19_TEST_COUNT,J,j1f31,J31CVD19TSTNU,NA,NA,,varname_not_found_anywhere
CREATININE_ASSAY_STATUS,H,h3chem,HL7CSTA,3478,3478,F,non_numeric_coerced
CREATININE_ASSAY_STATUS,I,i2chem,IL7CSTA,3310,3310,"F, C",non_numeric_coerced
CREATININE_ASSAY_TYPE,H,h3chem,HL7CTYP,3478,3478,N,non_numeric_coerced
CREATININE_ASSAY_TYPE,I,i2chem,IL7CTYP,3310,3310,N,non_numeric_coerced
DATE_DELAYED_OGTT,G,g4f05,G05AEXDAT,NA,NA,,varname_not_found_anywhere
DATE_LAST_NONWATER_DELAYED,G,g4f05,G05ADTEAT,NA,NA,,varname_not_found_anywhere
DENTIST_VISIT_COUNT,J,j1f31,J31DENTXM,NA,NA,,varname_not_found_anywhere
DOPPLER_QUALITY_TYPE,H,h10echo,HDPLRQCT,3474,3474,", B, T",non_numeric_coerced
DOPPLER_QUALITY_TYPE,I,i5echo,IDPLRQCT,3184,3184,", T, B",non_numeric_coerced
ECHO_ALERT_FLAG,I,i5echo,IECHOIND,3184,3184,"CARDIA NonReferring Criteria, CARDIA Referring Criteria, CARDIA Alert Criteria, CARDIA Referral Criteria",non_numeric_coerced
ECHO_ALERT_REASON,H,h10echo,HERSNALERT,3474,3474,", Severe LV dysfunction, Dyskinetic left ventricular apex, Severe LV dysfunction; Moderate to possibly severe mitral regurgitation, Moderate to severe mitral regurgitation with new onset shortness of breath",non_numeric_coerced
ECHO_ALERT_REASON,I,i5echo,IERSNALERT,3184,3184,", EF<35%, A.Fib with frequent PVCs, EF 29%, cannot r/o thrombus, severe LV dysfunction EF 36%, dilated CM with EF <20%",non_numeric_coerced
ECHO_COMMENTS,H,h10echo,HECHOCM,3474,3474,", Left atrium size is mildly enlarged, Left ventricular size is enlarged (6.7 cm as measured on 2D), Left ventricular systolic function is severely depressed; Left ventricular size is moderately to severely enlarged; Moderate aortic regurgitation; Severe ST segment depression is noted, Left Atrial size is mildly enlarged; Left Ventricular function is difficult to assess but appears grossly normal",non_numeric_coerced
ECHO_COMMENTS,I,i5echo,IECHOCM,3184,3184,", Interventricular septum is enlarged; Left ventricular posterior wall is enlarged; Moderate aortic regurgitation; Clinical follow-up is recommended., Left atrial size is enlarged; Increased TR systolic velocity consistent with elevated RV systolic pressure of 45.8mmHg; Clinical follow-up is recommended., Increased TR systolic velocity consistent with elevated RV systolic pressure of 49.2mmHg; Clinical follow-up is recommended., Interventricular septum is enlarged; Left ventricular posterior wall is enlarged; Moderate mitral regurgitation; Clinical follow-up is recommended.",non_numeric_coerced
ECHO_REFERRAL_STATUS,H,h10echo,HECHOIND,3474,3474,"CARDIA.DoesNotRequireClinicalFollowUp, CARDIA.RequiresClinicalFollowUp, N/A",non_numeric_coerced
ECHO_REFERRAL_STATUS,I,i5echo,IECHOIND,3184,3184,"CARDIA NonReferring Criteria, CARDIA Referring Criteria, CARDIA Alert Criteria, CARDIA Referral Criteria",non_numeric_coerced
EMERGENCY_ROOM_VISIT_COUNT,J,j1f31,J31EMNUMM,NA,NA,,varname_not_found_anywhere
EXAM7_TARGET_DATE,G,g6ref,X7EXPDT,5114,5114,"E, I, R, i, J",non_numeric_coerced
EXAM7_TARGET_DATE_INT,G,g6ref,X7EXPDT,5114,5114,"E, I, R, i, J",non_numeric_coerced
EXAM_DATE_F56,I,i1f56,I56EXDAT,3270,992,"20229, 21227, 30345, 10600, 40575",Short_ID_map_fail
EXAM_TIME_COMPLETION,G,g3f80,G80TIME,3496,3399,"09:10:00, 02:21:00, 09:30:00, 02:37:00, 01:30:00",non_numeric_coerced
F08_BPHAG,I,i1f08,I08BPHAG,3356,NA,Found in 'i1f08__dup2' instead,varname_fallback_to_alt_dataset
FACTOR_VII_ANTIGEN_PERCENT,D,d1hemo,DLEF7ANT,NA,NA,,varname_not_found_anywhere
FASTING_GLUCOSE_ASSAY_STATUS_Y25_VISIT1,H,h3glu,HL7GLUSTA,3479,3479,"F, ",non_numeric_coerced
FASTING_GLUCOSE_ASSAY_STATUS_Y30_VISIT1,I,i3glu,IL7GLUSTA,3312,3312,"F, C, ",non_numeric_coerced
FASTING_GLUCOSE_ASSAY_TYPE_Y25_VISIT1,H,h3glu,HL7GLUTYP,3479,3479,"N, ",non_numeric_coerced
FASTING_GLUCOSE_ASSAY_TYPE_Y30_VISIT1,I,i3glu,IL7GLUTYP,3312,3312,"N, ",non_numeric_coerced
FASTING_GLUCOSE_DELAYED_ASSAY_STATUS_Y25,H,h3glu,HL7GLUDSTA,3479,3479,", F",non_numeric_coerced
FASTING_GLUCOSE_DELAYED_ASSAY_STATUS_Y30,I,i3glu,IL7GLUDSTA,3312,3312,", F",non_numeric_coerced
FASTING_GLUCOSE_DELAYED_ASSAY_TYPE_Y25,H,h3glu,HL7GLUDTYP,3479,3479,", N",non_numeric_coerced
FASTING_GLUCOSE_DELAYED_ASSAY_TYPE_Y30,I,i3glu,IL7GLUDTYP,3312,3312,", N",non_numeric_coerced
FASTING_INSULIN_ASSAY_STATUS_H,H,h4ins,HL7INSSTA,3478,3478,"F, C",non_numeric_coerced
FASTING_INSULIN_ASSAY_STATUS_I,I,i3ins,IL7INSSTA,3301,3301,"F, C",non_numeric_coerced
FASTING_INSULIN_ASSAY_TYPE_H,H,h4ins,HL7INSTYP,3478,3478,"N, S, C",non_numeric_coerced
FASTING_INSULIN_ASSAY_TYPE_I,I,i3ins,IL7INSTYP,3301,3301,N,non_numeric_coerced
FAT_TYPE_COOKING_NUMERIC_CODES,G,g3f48,G48FATNG,3142,3119,,non_numeric_coerced
FORM10_INTERVIEWER_ID,J,j1f10,J10IVID,NA,NA,,varname_not_found_anywhere
FORM44_EXAM_DATE,I,i1f44,I44EXDAT,3283,997,"20229, 21227, 30345, 10600, 40575",Short_ID_map_fail
GENERAL_MED_CODE,H,h4f09med,H09MDCDP,6729,4,,non_numeric_coerced
GENERAL_MED_CODE,I,i1f09med,I09MDCDP2,7992,636,,non_numeric_coerced
GENERAL_MED_INTERVIEWER_ID,G,g3f09med,G09MIVID,195,NA,Found in 'g3f09ova' instead,varname_fallback_to_alt_dataset
GENERAL_MED_NUMBER,J,j1f09med,J09MDNUM,NA,NA,,varname_not_found_anywhere
HBA1C_ASSAY_STATUS,H,h3hba1c,H0YHBSTA,3395,3395,"F, C",non_numeric_coerced
HBA1C_ASSAY_STATUS,I,i3hba1c,I0YHBSTA,1327,1327,F,non_numeric_coerced
HBA1C_ASSAY_TYPE,H,h3hba1c,H0YHBTYP,3395,3395,"N, C",non_numeric_coerced
HBA1C_ASSAY_TYPE,I,i3hba1c,I0YHBTYP,1327,1327,N,non_numeric_coerced
HEIGHT_MAX_DEVICE_CM,I,i1f20,I20HTMAX,3354,1018,"20229, 21227, 30345, 10600, 40575",Short_ID_map_fail
HIP_REASON_OTHER_TEXT,I,i1f20,I20POTXT,3354,1018,"20229, 21227, 30345, 10600, 40575",Short_ID_map_fail
HIP_REASON_OTHER_TEXT,I,i1f20,I20POTXT,2336,2336,", CLOTHES, THICK JEANS, THICK PANTS, SOB UPON STANDING, PPT COULD NOT STAND AGAIN",non_numeric_coerced
HOSPITALIZATION1_DIAGNOSIS_CODE1,G,g3f83,G83H1CD1,184,177,", H1, P3, V2, XC",non_numeric_coerced
HOSPITALIZATION1_DIAGNOSIS_CODE2,G,g3f83,G83H1CD2,184,176,", EL, M4, L2, M7",non_numeric_coerced
HOSPITALIZATION1_DIAGNOSIS_CODE3,G,g3f83,G83H1CD3,184,181,,non_numeric_coerced
HOSPITALIZATION2_DIAGNOSIS_CODE1,G,g3f83,G83H2CD1,184,183,", E7, X9, M8",non_numeric_coerced
HOSPITALIZATION2_DIAGNOSIS_CODE2,G,g3f83,G83H2CD2,184,183,", M4",non_numeric_coerced
HOSPITALIZATION2_DIAGNOSIS_CODE3,G,g3f83,G83H2CD3,184,184,,non_numeric_coerced
HOSPITALIZATION3_DIAGNOSIS_CODE1,G,g3f83,G83H3CD1,184,184,", X6",non_numeric_coerced
HOSPITALIZATION3_DIAGNOSIS_CODE2,G,g3f83,G83H3CD2,184,184,,non_numeric_coerced
HOSPITALIZATION3_DIAGNOSIS_CODE3,G,g3f83,G83H3CD3,184,184,,non_numeric_coerced
HOSPITALIZATION_MONTH_A,B,bflwupt1,FY048PMA,NA,NA,,varname_not_found_anywhere
HOSPITALIZATION_MONTH_B,B,bflwupt1,FY048PMB,NA,NA,,varname_not_found_anywhere
HOSPITALIZATION_YEAR_B,B,bflwupt1,FY048PYB,NA,NA,,varname_not_found_anywhere
HOSP_ADMISSION_DATE_J,J,j1f31,J31HDT1,NA,NA,,varname_not_found_anywhere
HOSP_ADMISSION_DATE_J,J,j1f31,J31HDT2,NA,NA,,varname_not_found_anywhere
HOSP_ADMISSION_DATE_J,J,j1f31,J31HDT3,NA,NA,,varname_not_found_anywhere
HOSP_ADMISSION_DATE_J,J,j1f31,J31HDT4,NA,NA,,varname_not_found_anywhere
HOSP_ADMISSION_DATE_J,J,j1f31,J31HDT5,NA,NA,,varname_not_found_anywhere
HOSP_ADMISSION_DATE_J,J,j1f31,J31HDT6,NA,NA,,varname_not_found_anywhere
HOSP_ADMISSION_DATE_J,J,j1f31,J31HDT7,NA,NA,,varname_not_found_anywhere
HOSP_ADMISSION_DATE_J,J,j1f31,J31HDT8,NA,NA,,varname_not_found_anywhere
HOSP_ADMISSION_DATE_J,J,j1f31,J31HDT9,NA,NA,,varname_not_found_anywhere
HOSP_CARE_DATE_COMPOSITE_D,D,d1f31a,D31DTCA2,NA,NA,,varname_not_found_anywhere
HOSP_CARE_DATE_COMPOSITE_D,D,d1f31a,D31DTCA3,NA,NA,,varname_not_found_anywhere
HOSP_CARE_DATE_COMPOSITE_D,D,d1f31a,D31DTCA4,NA,NA,,varname_not_found_anywhere
HOSP_CARE_DATE_COMPOSITE_D,D,d1f31a,D31DTCA5,NA,NA,,varname_not_found_anywhere
HOSP_CARE_DATE_COMPOSITE_D,D,d1f31a,D31DTCA6,NA,NA,,varname_not_found_anywhere
HOSP_COUNT_SINCE_LAST_UPDATE,J,j1f31,J31NTIMESM,NA,NA,,varname_not_found_anywhere
HOSP_DATE_DAY,D,dflwupt1,FYPDAY,NA,NA,,varname_not_found_anywhere
HOSP_DATE_DAY_A,A,aflwupt1,FY012PDA,NA,NA,,varname_not_found_anywhere
HOSP_DATE_DAY_A,B,bflwupt1,FY036PDA,NA,NA,,varname_not_found_anywhere
HOSP_DATE_DAY_A,B,bflwupt1,FY048PDA,NA,NA,,varname_not_found_anywhere
HOSP_DATE_DAY_A,C,cflwupt1,FY072PDA,NA,NA,,varname_not_found_anywhere
HOSP_DATE_MONTH,D,dflwupt1,FYPMONTH,NA,NA,,varname_not_found_anywhere
HOSP_DATE_MONTH_A,A,aflwupt1,FY012PMA,NA,NA,,varname_not_found_anywhere
HOSP_DATE_MONTH_A,B,bflwupt1,FY036PMA,NA,NA,,varname_not_found_anywhere
HOSP_DATE_MONTH_A,B,bflwupt1,FY048PMA,NA,NA,,varname_not_found_anywhere
HOSP_DATE_MONTH_A,C,cflwupt1,FY072PMA,NA,NA,,varname_not_found_anywhere
HOSP_EVENT_DATE_COMPOSITE_D,D,d1f31a,D31DTEV2,NA,NA,,varname_not_found_anywhere
HOSP_EVENT_DATE_COMPOSITE_D,D,d1f31a,D31DTEV3,NA,NA,,varname_not_found_anywhere
HOSP_EVENT_DATE_COMPOSITE_D,D,d1f31a,D31DTEV4,NA,NA,,varname_not_found_anywhere
HOSP_EVENT_DATE_COMPOSITE_D,D,d1f31a,D31DTEV5,NA,NA,,varname_not_found_anywhere
HOSP_EVENT_DATE_COMPOSITE_D,D,d1f31a,D31DTEV6,NA,NA,,varname_not_found_anywhere
HOSP_NIGHTS_PER_STAY,J,j1f31,J31NUMN1,NA,NA,,varname_not_found_anywhere
HOSP_NIGHTS_PER_STAY,J,j1f31,J31NUMN2,NA,NA,,varname_not_found_anywhere
HOSP_NIGHTS_PER_STAY,J,j1f31,J31NUMN3,NA,NA,,varname_not_found_anywhere
HOSP_NIGHTS_PER_STAY,J,j1f31,J31NUMN4,NA,NA,,varname_not_found_anywhere
HOSP_NIGHTS_PER_STAY,J,j1f31,J31NUMN5,NA,NA,,varname_not_found_anywhere
HOSP_NIGHTS_PER_STAY,J,j1f31,J31NUMN6,NA,NA,,varname_not_found_anywhere
HOSP_NIGHTS_PER_STAY,J,j1f31,J31NUMN7,NA,NA,,varname_not_found_anywhere
HOSP_NIGHTS_PER_STAY,J,j1f31,J31NUMN8,NA,NA,,varname_not_found_anywhere
HOSP_NIGHTS_PER_STAY,J,j1f31,J31NUMN9,NA,NA,,varname_not_found_anywhere
IMAGE_COMPONENT_3D_LEFT_HEART_REASON_NO_IMAGE,I,i1f40,I403DLHRS,3186,3186,", NOT DONE DUE TO NONCOMPLIANCE, AFIB - IRREGULAR HEART RATE, POOR VISABILITY, TDS",non_numeric_coerced
IMAGE_COMPONENT_3D_RIGHT_HEART_REASON_NO_IMAGE,I,i1f40,I403DRHRS,3186,3186,", NOT DONE DUE TO NONCOMPLIANCE, AFIB - IRREGULAR HEART RATE, POOR VISABILITY, TDS",non_numeric_coerced
IMAGE_COMPONENT_APICAL4_2D_RIGHTHEART_OBTAINED,I,i1f40,I40APICAL2DRS,3186,3186,", UA, TDS, ATTEMPTED, ATTEMPTED- OFF-AXIS VIEW OBTAINED",non_numeric_coerced
IMAGE_COMPONENT_APICAL4_2D_RIGHTHEART_REASON_NO_IMAGE,I,i1f40,I40APICAL2DRRS,3186,3186,", TDS, POORLY VISUALIZED, NO VISUALIZATION, NO RV WINDOW AVAILABLE",non_numeric_coerced
IMAGE_COMPONENT_APICAL4_MV_COLOR_PW_CW_REASON_NO_IMAGE,I,i1f40,I40APICALCRS,3186,3186,", TDS, ATTEMPTED - OFF-AXIS VIEW WAVEFORM OBTAINED, NO AP VIEW, UNAVAILABLE",non_numeric_coerced
IMAGE_COMPONENT_APICAL4_MV_MMODE_REASON_NO_IMAGE,I,i1f40,I40APICALMRS,3186,3186,", DID NOT DO, TDS, ATTEMPTED, OFF-AXIS VIEW NOT OBTAINABLE",non_numeric_coerced
IMAGE_COMPONENT_APICAL4_PV_COLOR_PW_CW_REASON_NO_IMAGE,I,i1f40,I40APICALPVRS,3186,3186,", ATTEMPTED, NO VISUALIZATION, TDS, WEAK SIGNAL- HIGH PRF, TDS: ATTEMPTED",non_numeric_coerced
IMAGE_COMPONENT_APICAL4_TDI_REASON_NO_IMAGE,I,i1f40,I40APICALTDIRS,3186,3186,", DID NOT DO, UA, TDS, TDS LYING FLAT.",non_numeric_coerced
IMAGE_COMPONENT_APICAL_2CH_2D_REASON_NO_IMAGE,I,i1f40,I40AP22DRS,3186,3186,", UA, TDS, ATTEMPTED- NO 2CH VIEW AVAILABLE, NO ADEQUATE VISUALIZATION",non_numeric_coerced
IMAGE_COMPONENT_APICAL_3CH_DOPPLER_REASON_NO_IMAGE,I,i1f40,I40AP3DOPRS,3186,3186,", UA, TDS, DOPPLER TAKEN FROM APICAL 5-CHAMBERR, NO WINDOW AVAILABLE",non_numeric_coerced
IMAGE_COMPONENT_APICAL_3CH_LONGAXIS_REASON_NO_IMAGE,I,i1f40,I40AP3COLRS,3186,3186,", TAKEN AS STILLS, UA, DID NOT DO, TDS",non_numeric_coerced
IMAGE_COMPONENT_APICAL_3CH_MV_COLOR_REASON_NO_IMAGE,I,i1f40,I40AP2MVCRS,3186,3186,", UA, TDS, NO WINDOW AVAILABLE, NO ADEQUATE VISUALIZATION",non_numeric_coerced
IMAGE_COMPONENT_APICAL_REASON_NO_IMAGE,H,h4f40,H40APRS,NA,NA,,varname_not_found_anywhere
IMAGE_COMPONENT_APICAL_SPECKLE_REASON_NO_IMAGE,I,i1f40,I40APISPKRS,3186,3186,", TDS, NO INDENTIFIABLE 2CH, NO APICAL WINDOW AVAILABLE, COULD NOT GET STANDARD AP 4",non_numeric_coerced
IMAGE_COMPONENT_OTHER_REASON_NO_IMAGE,H,h4f40,H40OTHIMGRS,NA,NA,,varname_not_found_anywhere
IMAGE_COMPONENT_PLAX_COLOR_REASON_NO_IMAGE,H,h4f40,H40DOPRS,NA,NA,,varname_not_found_anywhere
IMAGE_COMPONENT_PLAX_COLOR_REASON_NO_IMAGE,I,i1f40,I40PLCRS,3186,3186,", DID NOT DO, TDS, LOW VIEW, ATTEMPT MADE, HEART ROTATION",non_numeric_coerced
IMAGE_COMPONENT_PLAX_MMODE_REASON_NO_IMAGE,I,i1f40,I40PLMRS,3186,3186,", OFF AXIS, NO LV OFF AXIS, NO LV - OFF AXIS, NO VISUALIZATION, ATTEMPTED",non_numeric_coerced
IMAGE_COMPONENT_PLAX_REASON_NO_IMAGE,H,h4f40,H40PLRS,NA,NA,,varname_not_found_anywhere
IMAGE_COMPONENT_PLAX_REASON_NO_IMAGE,I,i1f40,I40PL2DRS,3186,3186,", TDS, NO PARASTERNAL WINDOW - IMAGE TAKEN FROM SUBCOSTAL, HEART ROTATION, NO PARASTERNAL WINDOW--LIMITED SUBCOSTAL TAKEN",non_numeric_coerced
IMAGE_COMPONENT_PSAX_COLOR_REASON_NO_IMAGE,I,i1f40,I40PSAXCRS,3186,3186,", DID NOT DO, TDS, STILL CAPTURE STORED INSTEAD OF CLIP STORE, NO PARASTERNAL WINDOW",non_numeric_coerced
IMAGE_COMPONENT_PSAX_MMODE_REASON_NO_IMAGE,I,i1f40,I40PSAXMRS,3186,3186,", OFF AXIS, LV M-MODE NO VISUALIZATION, TDS, OMITTED LV IN MODE, OBTAINED AV/LA",non_numeric_coerced
IMAGE_COMPONENT_PSAX_REASON_NO_IMAGE,H,h4f40,H40PSAXRS,NA,NA,,varname_not_found_anywhere
IMAGE_COMPONENT_PSAX_REASON_NO_IMAGE,I,i1f40,I40PSAX2DRS,3186,3186,", TDS, STILL CAPTURE STORED INSTEAD OF CLIP STORE, ATTEMPT MADE, NO PARASTERNAL VIEW, TAKEN AS STILLS",non_numeric_coerced
IMAGE_COMPONENT_PSAX_SPECKLE_REASON_NO_IMAGE,H,h4f40,H40PSSPKRS,NA,NA,,varname_not_found_anywhere
IMAGE_COMPONENT_PSAX_SPECKLE_REASON_NO_IMAGE,I,i1f40,I40PSSPKRS,3186,3186,", TDS, POOR VISUALIZATION, NO LV- MID AND APEX VISUALIZATION AVAILABLE, NO PARASTERNAL WINDOW",non_numeric_coerced
IMAGE_COMPONENT_SPECKLE_LIVE_4CH_REASON_NO_IMAGE,I,i1f40,I40SPTRL4CHRS,3186,3186,", TDS, NO ENDOCARDIAL VISUALIZATION, COULD NOT GET STANDARD AP 4, POOR WINDOW WITH NO VISUALIZATION",non_numeric_coerced
IMAGE_COMPONENT_SPECKLE_LIVE_PSAX_REASON_NO_IMAGE,I,i1f40,I40SPTRLPSAXRS,3186,3186,", UA, NO ENDOCARDIAL VISUALIZATION, TDS, NO VISUALIZATION",non_numeric_coerced
IMAGE_COMPONENT_TAPSE_REASON_NO_IMAGE,H,h4f40,H40TAPSERS,NA,NA,,varname_not_found_anywhere
IMAGE_COMPONENT_TAPSE_REASON_NO_IMAGE,I,i1f40,I40AP4TAPSERS,3186,3186,", DID NOT DO, POOR VISUALIZATION, TDS, ATTEMPTED - COULD NOT CAPTURE SIGNAL.",non_numeric_coerced
IMAGE_COMPONENT_TDI_REASON_NO_IMAGE,H,h4f40,H40TDIRS,NA,NA,,varname_not_found_anywhere
IMAGE_COMPONENT_TV_COLOR_REASON_NO_IMAGE,I,i1f40,I40AP4TVCRS,3186,3186,", TDS, POORLY VISUALIZED, NO VISUALIZATION, ATTEMPTED",non_numeric_coerced
IMAGE_COMPONENT_TV_CW_DOPPLER_REASON_NO_IMAGE,I,i1f40,I40AP4TVWRS,3186,3186,", TDS, POORLY VISUALIZED, NO VISUALIZATION, NO VISUALIZATION OF TRICUSPID VALVE WAVEFORM",non_numeric_coerced
INJURY_EVENT_NATURE_OF_INJURY_CODE,C,c1f31b,C31BCOD3,NA,NA,,varname_not_found_anywhere
INTERVIEWER_ID,G,g3f83,G83IVID,NA,NA,,varname_not_found_anywhere
INTERVIEWER_ID,I,i1f44,I44IVID,3283,997,"20229, 21227, 30345, 10600, 40575",Short_ID_map_fail
INTERVIEWER_ID,I,i1f48,I48IVID,3260,992,"20229, 21227, 30345, 10600, 40575",Short_ID_map_fail
INTERVIEWER_ID,I,i1f68,I68IVID,1880,546,"20229, 10600, 40575, 30953, 30540",Short_ID_map_fail
INTERVIEWER_ID,J,j2f03,J03IVID,NA,NA,,varname_not_found_anywhere
INTERVIEWER_ID_F56,I,i1f56,I56IVID,3270,992,"20229, 21227, 30345, 10600, 40575",Short_ID_map_fail
INTERVIEWER_ID_FORM20,I,i1f20,I20IVID,3354,1018,"20229, 21227, 30345, 10600, 40575",Short_ID_map_fail
INTERVIEWER_ID_FORM3,J,j2f03,J03IVID,NA,NA,,varname_not_found_anywhere
INTERVIEW_START_TIME,G,g3f48,G48START,3142,3142,"09:43:00, 10:45:00, 11:55:00, 12:10:00, 09:30:00",non_numeric_coerced
LAB_COMMENTS,H,h3lip,HL1COMNT,3482,3482,", TRIGLYCERIDE EXCEEDS 400 MG/DL - LDL AND VLDL ARE NOT RELIABLE.",non_numeric_coerced
LAB_COMMENTS,I,i2lip,IL1COMNT,3320,3320,", TRIGLYCERIDE EXCEEDS 400 MG/DL - LDL AND VLDL ARE NOT RELIABLE., ANALYSIS PERFORMED BY ULTRACENTRIFUGATION",non_numeric_coerced
LAST_MEDICAL_HISTORY_UPDATE_DATE,J,j1f31,J31LEDAT,NA,NA,,varname_not_found_anywhere
LAST_PERIOD_DATE_COMBINED,I,i1f68,I68MPDAT,1880,546,"20229, 10600, 40575, 30953, 30540",Short_ID_map_fail
LAST_PERIOD_MONTH,I,i1f68,I68MPMO,1880,546,"20229, 10600, 40575, 30953, 30540",Short_ID_map_fail
LAST_PERIOD_YEAR,I,i1f68,I68MPYR,1880,546,"20229, 10600, 40575, 30953, 30540",Short_ID_map_fail
MAX_HOT_FLASHES_PER_DAY,I,i1f68,I68HFAVG,1880,546,"20229, 10600, 40575, 30953, 30540",Short_ID_map_fail
MMODE_QUALITY_TYPE,H,h10echo,HMMODEQCT,3474,3474,", B, T",non_numeric_coerced
MMODE_QUALITY_TYPE,I,i5echo,IMMODEQCT,3184,3184,"B, T, ",non_numeric_coerced
MOTHER_CAUSE_OF_DEATH_OTHER,H,h4f11,H11MDOTH,3488,3472,"ANARYSYM, , MULTIPLE SCLEROSIS, INTESTINAL INFECTION-DUE TO HER SEVERE MS, IMMUNE DYSFUNCTION",non_numeric_coerced
MRI_3DT1_NOT_OBTAINED_REASON,H,h3f92v2,H923DT1RESN,NA,NA,,varname_not_found_anywhere
MRI_3DT1_NOT_OBTAINED_REASON,I,i1f92b,I923DT1RESN,663,663,", MODERATE MOVEMENT, WILL RE-RUN, SECOND TI LOOKS BETTER, MILD TO MODERATE MOVEMENT, RERAN, MAJOR MOVEMENT, WILL RE-RUN, MODERATE MOVEMENT, WILL RE-RUN",non_numeric_coerced
MRI_3DT2_NOT_OBTAINED_REASON,H,h3f92v2,H923DT2RESN,NA,NA,,varname_not_found_anywhere
MRI_3DT2_NOT_OBTAINED_REASON,I,i1f92b,I923DT2RESN,663,663,", MOTION, SIGNIFICANT MOVEMENT, WILL RE-RUN IF TIME, MINOR MOVEMENT, SOME MOVEMENT, WILL NOT RE-RUN",non_numeric_coerced
MRI_3D_FLAIR_NOT_OBTAINED_REASON,H,h3f92v2,H923DFLRESN,NA,NA,,varname_not_found_anywhere
MRI_3D_FLAIR_NOT_OBTAINED_REASON,I,i1f92b,I923DFLRESN,663,663,", HEAD WRAP OF NOSE INTO BACK OF HEAD, MOTION, HEAD WRAP, SLIGHT HEAD WRAP OF NOSE INTO [ILLEGIBLE WORD]",non_numeric_coerced
MRI_ADDITIONAL_SEQUENCES_COMMENTS,H,h3f92v2,H92ADCOM,NA,NA,,varname_not_found_anywhere
MRI_ASL_CALIBRATION_NOT_OBTAINED_REASON,H,h3f92v2,H92ASLCARESN,NA,NA,,varname_not_found_anywhere
MRI_ASL_CALIBRATION_NOT_OBTAINED_REASON,I,i1f92b,I92ASLCARESN,663,663,", UNABLE TO COMPLETE SCAN DUE TO TIME RESTRICTIONS, NA, CAN'T GET PULSE THROUGH NAIL POLISH, NOT PART OF THIS STUDY",non_numeric_coerced
MRI_ASL_NOT_OBTAINED_REASON,H,h3f92v2,H92ASLRESN,NA,NA,,varname_not_found_anywhere
MRI_ASL_NOT_OBTAINED_REASON,I,i1f92b,I92ASLRESN,663,663,", UNABLE TO COMPLETE SCAN DUE TO TIME RESTRICTIONS, ""                    "", A LITTLE MOVEMENT, PT WANTED OUT",non_numeric_coerced
MRI_BOLD_BREATH_HOLD_NOT_OBTAINED_REASON,H,h3f92v2,H92BREATHRESN,NA,NA,,varname_not_found_anywhere
MRI_BOLD_BREATH_HOLD_NOT_OBTAINED_REASON,I,i1f92b,I92BREATHRESN,663,660,", UNABLE TO COMPLETE SCAN DUE TO TIME RESTRICTIONS, FORGOT TO TURN MUSIC  OFF, MINOR MOVEMENT, MODERATE MOVEMENT",non_numeric_coerced
MRI_BOLD_RESTING_NOT_OBTAINED_REASON,H,h3f92v2,H92BOLDRESTRESN,NA,NA,,varname_not_found_anywhere
MRI_BOLD_RESTING_NOT_OBTAINED_REASON,I,i1f92b,I92BOLDRESTRESN,663,663,", UNABLE TO COMPLETE SCAN DUE TO TIME RESTRICTIONS, SOME MINOR MOVEMENT, SHOULD BE OKAY, MILD  MOVEMENT, MILD MOVEMENT",non_numeric_coerced
MRI_BREATH_HOLD_COMPLIANT_NOT_OBTAINED_REASON,H,h3f92v2,H92BREATHCOMPRESN,NA,NA,,varname_not_found_anywhere
MRI_BREATH_HOLD_COMPLIANT_NOT_OBTAINED_REASON,I,i1f92b,I92BREATHCOMPRESN,663,644,", N/A, 1 FELL ASLEEP, ATTEMPTED TO  HOLD BREATH EACH TIME BUTCOULD ....COMPLETE ENTIRE BREATH HOLD, ""                    """,non_numeric_coerced
MRI_CLINICAL_ALERT_DESCRIPTION,H,h3f92v2,H92ALTDESC,NA,NA,,varname_not_found_anywhere
MRI_CLINICAL_READ_RESULTS,I,i1f92a,I92MRIRD,663,199,"30540, 30384, 41595, 11328, 30416",Short_ID_map_fail
MRI_CLINICAL_READ_RESULTS,I,i1f92a,I92RESULTS,663,199,"30540, 30384, 41595, 11328, 30416",Short_ID_map_fail
MRI_CLINICAL_READ_RESULTS,I,i1f92a,I92FOLL,663,199,"30540, 30384, 41595, 11328, 30416",Short_ID_map_fail
MRI_CLINICAL_READ_RESULTS,I,i1f92a,I92FOLL,464,464,", LETTER SENT BY PI, N/A, NONE AVAILABLE TO CARDIA TECH 835",non_numeric_coerced
MRI_DTI_NOT_OBTAINED_REASON,H,h3f92v2,H92DTI1RESN,NA,NA,,varname_not_found_anywhere
MRI_DTI_NOT_OBTAINED_REASON,I,i1f92b,I92DTI1RESN,663,663,", SECOND RUN DTI LOOKS GOOD, MAY HAVE LOST SUPERIOR ASPECT OF CORTEX, SEVERE MOVEMENT. NO TIME TO RE-RUN, A FEW DROPPED DUE TO MOVEMENT",non_numeric_coerced
MRI_DTI_REPEAT_NOT_OBTAINED_REASON,H,h3f92v2,H92DTI2RESN,NA,NA,,varname_not_found_anywhere
MRI_DTI_REPEAT_NOT_OBTAINED_REASON,I,i1f92b,I92DTI2RESN,663,663,", MAY HAVE LOST SUPERIOR ASPECT OF CORTEX, PARTIALLY COMPLETED, A FEW DROPPED DUE TO MOVEMENT, MOTION - SNORING-WOULD NOT STAY AWAKE",non_numeric_coerced
MRI_INITIAL_CONTACT_BODY_MEASURES,I,i1f92a,I92HEIGHT,663,199,"30540, 30384, 41595, 11328, 30416",Short_ID_map_fail
MRI_INITIAL_CONTACT_BODY_MEASURES,I,i1f92a,I92WEIGHT,663,199,"30540, 30384, 41595, 11328, 30416",Short_ID_map_fail
MRI_INITIAL_CONTACT_BODY_MEASURES,I,i1f92a,I92BMI,663,199,"30540, 30384, 41595, 11328, 30416",Short_ID_map_fail
MRI_INITIAL_CONTACT_BODY_MEASURES,I,i1f92a,I92WSTCIR,663,199,"30540, 30384, 41595, 11328, 30416",Short_ID_map_fail
MRI_INITIAL_CONTACT_STAFF_AND_VISIT,I,i1f92a,I92IVID,663,199,"30540, 30384, 41595, 11328, 30416",Short_ID_map_fail
MRI_INITIAL_CONTACT_STAFF_AND_VISIT,I,i1f92a,I92STFID,663,199,"30540, 30384, 41595, 11328, 30416",Short_ID_map_fail
MRI_INITIAL_CONTACT_STAFF_AND_VISIT,I,i1f92a,I92VSTCD,663,199,"30540, 30384, 41595, 11328, 30416",Short_ID_map_fail
MRI_INITIAL_CONTACT_STAFF_AND_VISIT,I,i1f92a,I92VSTCD,464,464,Y30,non_numeric_coerced
MRI_NOT_TRANSMITTED_REASON,I,i1f92b,I92NOTRSP,663,663,,non_numeric_coerced
MRI_QC_ALERT_REPORTING_COMMENTS,I,i1f92c,I92MRQCCOM,663,663,", NON-SPECIFIC WHITE MATTER DISEASE (MILD WML)., NORMAL BRAIN MRI SCAN, NON-SPECIFIC WHITE MATTER DISEASE, RIGHT FRONTAL PARAFALCINE MASS, LIKELY MENINGIOMA, NO MASS EFFECT. MILDLY INCREASED FROM YR 25, MRI WITH CONTRAST IN RECOMMENDED WITH 6-2 MONTHS FOR FURTHER EVALUATION",non_numeric_coerced
MRI_SCREENING_FORM_COMPLETION_DATE,I,i1f92a,I92EXAMDT,663,199,"30540, 30384, 41595, 11328, 30416",Short_ID_map_fail
MRI_SEQUENCE_ACCEPTED_COMMENTS,I,i1f92c,I92BSWIX,663,663,", NOT ACQUIRED, PATIENT MOVED, NOT COMPLETED BY SITE, MODERATE MOTION",non_numeric_coerced
MRI_SEQUENCE_DELIVERED_COMMENTS,I,i1f92c,I92CSWIX,663,663,", NOT ACQUIRED, PATIENT MOVED, NOT COMPLETED BY SITE, NO TIME (ANXIETY AND CLAUSTROPHOBIA DELAYED SCAN)",non_numeric_coerced
MRI_SITE_COMMENTS,H,h3f92v2,H92SITCOM,NA,NA,,varname_not_found_anywhere
MRI_SITE_COMMENTS,I,i1f92b,I92SITCOM,663,663,", PATIENT HAD TO GO TO RESTROOM.  HAD TO RUN ANOTHER LOCALIZER, T1 & DTIS.  INCLUDED FIRST & SECOND LOCALIZERS, SECOND T1, T2S, AND SECOND DTI PAIR IN UPLOAD, ABNORMALITY IN FALX, SUPERIOR TO CORPUS COLLOSUM. FEW HIGH SIGNAL T1 SPOTS ON LEFT SUP FRONTAL GYRUS, TROUBLE STAYING AWAKE, 3.BREATH HOLD COMPLIANT - 4  3.OTHER - SWI",non_numeric_coerced
MRI_STUDY_COMPLETENESS,I,i1f92b,I92FAILSP,663,663,,non_numeric_coerced
MRI_SWI_NOT_OBTAINED_REASON,I,i1f92b,I92SWIRESN,663,661,", UNABLE TO COMPLETE SCAN DUE TO TIME RESTRICTIONS, MOVED - FELL ASLEEP, SWI, UNABLE TO COMPLETE SWI",non_numeric_coerced
MRQC_COMMENTS,H,h3f92v2,H92MRQCCOM,NA,NA,,varname_not_found_anywhere
MRQC_COMMENTS,I,i1f92c,I92MRQCCOM,663,663,", NON-SPECIFIC WHITE MATTER DISEASE (MILD WML)., NORMAL BRAIN MRI SCAN, NON-SPECIFIC WHITE MATTER DISEASE, RIGHT FRONTAL PARAFALCINE MASS, LIKELY MENINGIOMA, NO MASS EFFECT. MILDLY INCREASED FROM YR 25, MRI WITH CONTRAST IN RECOMMENDED WITH 6-2 MONTHS FOR FURTHER EVALUATION",non_numeric_coerced
NAME_CODE,I,i1f92a,I92NMCD,663,199,"30540, 30384, 41595, 11328, 30416",Short_ID_map_fail
NAME_CODE,H,h4f40,H40NMCD,3470,3470,"CECCS, CESAC, XESHA, MEHUH, CMCCH",non_numeric_coerced
NAME_CODE,I,i1f40,I40NMCD,3186,3186,"CECCS, AEUCM, CESAC, MEHUH, CMCCH",non_numeric_coerced
NAME_CODE,I,i1f92a,I92NMCD,464,464,"MEHUH, XMEUE, MEEEU, MEMHE, MMCFS",non_numeric_coerced
NUMBER_OF_FRAMES,H,h4f40,H40NFRAME,3470,1531,,non_numeric_coerced
NUMBER_OF_FRAMES,I,i1f40,I40NFRAME,3186,3,,non_numeric_coerced
OGTT_ASSAY_STATUS_Y25,H,h3glu,HL7GLU2HSTA,3479,3479,"F, , C",non_numeric_coerced
OGTT_ASSAY_STATUS_Y30,I,i3glu,IL7GLU2HSTA,3312,3312,", F",non_numeric_coerced
OGTT_ASSAY_TYPE_Y25,H,h3glu,HL7GLU2HTYP,3479,3479,"N, , C, F",non_numeric_coerced
OGTT_ASSAY_TYPE_Y30,I,i3glu,IL7GLU2HTYP,3312,3312,", N",non_numeric_coerced
OUTPATIENT_VISIT_COUNT,J,j1f31,J31OUTPXM,NA,NA,,varname_not_found_anywhere
OVARIAN_SURGERY_MONTH,G,g3f09ova,G09OSMO1,NA,NA,,varname_not_found_anywhere
OVARIAN_SURGERY_MONTH,G,g3f09ova,G09OSMO2,NA,NA,,varname_not_found_anywhere
OVARIAN_SURGERY_MONTH,G,g3f09ova,G09OSMO3,NA,NA,,varname_not_found_anywhere
PARTICIPANT_QC_ID,E,e1f51,E51QCID,NA,NA,,varname_not_found_anywhere
PEAK_INFLATION_LEVEL_STD,G,g3f02,G02CPIL,NA,NA,,varname_not_found_anywhere
PEAK_INFLATION_LEVEL_STD,J,j1f02,J02PILEV,2125,2,TRUE,non_numeric_coerced
PHLEBOTOMIST_ID,G,g4f05,G05APHLID,NA,NA,,varname_not_found_anywhere
PLASMA_LPA_MGDL,C,c1lpa,CL6LPA,NA,NA,,varname_not_found_anywhere
PLAX_QUALITY_TYPE,H,h10echo,HPLXQCT,3474,3474,", B, T",non_numeric_coerced
PLAX_QUALITY_TYPE,I,i5echo,IPLXQCT,3184,3184,"B, , T",non_numeric_coerced
PROCEDURE_DATE,J,j1f31,J31PDT1,NA,NA,,varname_not_found_anywhere
PROCEDURE_DATE,J,j1f31,J31PDT2,NA,NA,,varname_not_found_anywhere
PROCEDURE_DATE,J,j1f31,J31PDT3,NA,NA,,varname_not_found_anywhere
PROCEDURE_DATE,J,j1f31,J31PDT4,NA,NA,,varname_not_found_anywhere
PROCEDURE_DATE,J,j1f31,J31PDT5,NA,NA,,varname_not_found_anywhere
PROCEDURE_DATE,J,j1f31,J31PDT6,NA,NA,,varname_not_found_anywhere
PROCEDURE_DATE,J,j1f31,J31PDT7,NA,NA,,varname_not_found_anywhere
PROCEDURE_DATE,J,j1f31,J31PDT8,NA,NA,,varname_not_found_anywhere
PROCEDURE_DATE,J,j1f31,J31PDT9,NA,NA,,varname_not_found_anywhere
PROCESSING_TIME_BY_COLLECTION,C,c1f39,C39PTIM3,1105,905,"15:10:00, 14:35:00, 15:04:00, 15:15:00, 15:42:00",non_numeric_coerced
PULSE_OBLITERATION_PRESSURE,G,g3f02,G02CPOP,NA,NA,,varname_not_found_anywhere
PULSE_OBLITERATION_PRESSURE,J,j1f02,J02POPRES,2125,2,TRUE,non_numeric_coerced
REVIEW_PRIOR_Y25_FORM40_REASON_NO_REVIEW,I,i1f40,I40CSREVX,3186,3186,", DONE AT ANOTHER SITE.  NOT VIEWABLE IN MPLS., PPT FROM MINNESOTA, ALABAMA PPT, PARTICIPANT SEEN AT OTHER SITE",non_numeric_coerced
SAMPLE1_TIME_CLOCK,F,f4scort,FLHS1TM,811,810,"06:00:00, 05:00:00, 06:30:00, 05:30:00, 06:15:00",non_numeric_coerced
SAMPLE2_TIME_CLOCK,F,f4scort,FLHS2TM,811,808,"06:45:00, 05:45:00, 07:15:00, 06:56:00, 06:48:00",non_numeric_coerced
SAMPLE3_TIME_CLOCK,F,f4scort,FLHS3TM,811,810,"08:53:00, 07:30:00, 08:30:00, 09:05:00, 08:45:00",non_numeric_coerced
SAMPLE4_TIME_CLOCK,F,f4scort,FLHS4TM,811,809,"14:00:00, 13:00:00, 14:16:00, 14:34:00, 14:05:00",non_numeric_coerced
SAMPLE5_TIME_CLOCK,F,f4scort,FLHS5TM,811,804,"18:05:00, 17:10:00, 18:03:00, 18:30:00, 17:45:00",non_numeric_coerced
SAMPLE6_TIME_CLOCK,F,f4scort,FLHS6TM,811,792,"22:43:00, 00:05:00, 21:55:00, 23:00:00, 22:00:00",non_numeric_coerced
SAX_QUALITY_TYPE,H,h10echo,HSAXQCT,3474,3474,", B, T",non_numeric_coerced
SAX_QUALITY_TYPE,I,i5echo,ISAXQCT,3184,3184,"B, , T",non_numeric_coerced
SF12_MCS12_SCORE,F,f2f65,F65MCS12,NA,NA,,varname_not_found_anywhere
SF12_PCS12_SCORE,F,f2f65,F65PCS12,NA,NA,,varname_not_found_anywhere
SPECKLE_TRACKING_QUALITY,I,i5echo,ISTQCT,3184,3184,"B, , T",non_numeric_coerced
STRESS_EVENT_START_TIME,F,f1mood,FHL13IIIBT,814,724,"09:20:00, 07:30:00, 16:55:00, 14:15:00, 12:30:00",non_numeric_coerced
TECHNICIAN_COMMENT,H,h4f40,H40TECCOMX,NA,NA,,varname_not_found_anywhere
TECHNICIAN_COMMENT,I,i1f40,I40TECCOMX,3186,3185,"HX OF SMALL MVP. IMAGES WERE A LITLTE SUBPAR, S IT WAS HARD TO TELL. COULD ONLY SEE IT A LITTLE BIT IN 2CH, PPT NONCOMPLIANCE IN BREATHING AND POSITIIONING, SMOKER. MACHINE HAD TROUBLE ACQUIRING 3D. FRAMES 47, 48, 49 -> VALSALVA, , VERY POOR PARASTERNAL IMAGING VERY OBLIQUE. NO FLOW REVERSAL IN ASC. AORTA",non_numeric_coerced
TIME_FALL_ASLEEP,F,f1mood,FHL041T,814,810,"23:50:00, 00:15:00, 22:20:00, 22:15:00, 23:30:00",non_numeric_coerced
TIME_LAST_ATE,A,a4f05,A05TMEAT,5114,5098,"20:00:00, 21:30:00, 21:00:00, 20:30:00, 18:30:00",non_numeric_coerced
TIME_LAST_ATE,B,b2f05,B05TMEAT,4623,4583,"20:00:00, 21:00:00, 19:00:00, 22:10:00, 20:25:00",non_numeric_coerced
TIME_LAST_ATE,C,c1f05,C05TMEAT,4351,4334,"20:30:00, 22:00:00, 19:30:00, 21:00:00, 16:00:00",non_numeric_coerced
TIME_LAST_ATE,D,d1f05a,D05TMEAT,4085,4044,"19:00:00, 20:00:00, 19:30:00, 21:30:00, 21:00:00",non_numeric_coerced
TIME_LAST_ATE,E,e1f05,E05TMEAT,3949,3926,"20:30:00, 20:00:00, 21:30:00, 18:15:00, 20:50:00",non_numeric_coerced
TIME_LAST_ATE,F,f1f05,F05TMEAT,3671,3639,"23:00:00, 21:55:00, 20:25:00, 20:20:00, 09:15:00",non_numeric_coerced
TIME_LAST_ATE,G,g4f05,G05TMEAT,3535,3459,"19:00:00, 18:45:00, 19:30:00, 20:00:00, 22:00:00",non_numeric_coerced
TIME_LAST_ATE,H,h3f05,H05TMEAT,3487,3483,"19:30:00, 19:00:00, 21:00:00, 20:10:00, 19:05:00",non_numeric_coerced
TIME_LAST_ATE,I,i1f05,I05TMEAT,3355,3353,"07:00:00, 20:00:00, 21:00:00, 23:00:00, 18:45:00",non_numeric_coerced
TIME_LAST_ATE,J,j1f05,J05TMEAT,2118,2113,"20:30:00, 19:00:00, 17:00:00, 11:00:00, 16:00:00",non_numeric_coerced
TIME_LAST_CAFFEINE,E,e1f53,E53CAFTM,3949,137,"08:30:00, 22:00:00, 15:00:00, 07:30:00, 14:30:00",non_numeric_coerced
TIME_LAST_SMOKED,A,a4f02,A02TMSMK,NA,NA,,varname_not_found_anywhere
TIME_LAST_SMOKED,B,b3f02,B02TMSMK,NA,NA,,varname_not_found_anywhere
TIME_LAST_SMOKED,C,c1f02,C02TMSMK,4351,1443,"19:30:00, 09:20:00, 10:00:00, 23:30:00, 20:00:00",non_numeric_coerced
TIME_LAST_SMOKED,D,d1f02,D02TMSMK,4085,1105,"21:00:00, 08:25:00, 22:00:00, 08:15:00, 07:30:00",non_numeric_coerced
TIME_LAST_SMOKED,E,e1f02,E02TMSMK,3949,1042,"09:45:00, 09:30:00, 07:30:00, 08:00:00, 06:30:00",non_numeric_coerced
TIME_LAST_SMOKED,E,e1f53,E53CIGTM,3949,76,"01:00:00, 12:25:00, 12:30:00, 14:00:00, 22:15:00",non_numeric_coerced
TIME_LAST_SMOKED,F,f1f02,F02TMSMK,3671,828,"22:00:00, 08:50:00, 20:30:00, 06:30:00, 07:00:00",non_numeric_coerced
TIME_LAST_SMOKED,G,g3f02,G02TMSMK,3547,636,"07:15:00, 08:00:00, 06:45:00, 06:00:00, 06:30:00",non_numeric_coerced
TIME_LAST_SMOKED,H,h3f02v2,H02TMSMK,3496,3496,"12:00:02, 07:30:00, 10:30:00, 09:30:00, 06:45:00",non_numeric_coerced
TIME_LAST_SMOKED,I,i1f02,I02TMSMK,3358,529,"10:30:00, 08:55:00, 07:30:00, 08:45:00, 10:00:00",non_numeric_coerced
TIME_LAST_SMOKED,J,j1f02,J02TMSMK,2125,247,"10:00:00, 06:00:00, 07:00:00, 04:00:00, 01:00:00",non_numeric_coerced
TIME_OF_ECG,D,d3f22,D22TMECG,2982,2828,"12:45:00, 12:20:00, 11:05:00, 11:31:00, 12:22:00",non_numeric_coerced
TIME_OF_ECG,G,g3f22,G22TMECG,2890,2890,"12:41:00, 16:20:00, 01:50:00, 00:00:00, 13:14:00",non_numeric_coerced
TIME_OUT_OF_BED_CLOCK,E,e1f51,E51BDTIM,3949,3528,"07:30:00, 09:30:00, 04:00:00, 06:30:00, 08:00:00",non_numeric_coerced
TIME_OUT_OF_BED_CLOCK,F,f1f51,F51BDTIM,3671,3302,"06:00:00, 05:45:00, 07:30:00, 06:20:00, 05:50:00",non_numeric_coerced
TIME_OUT_OF_BED_CLOCK,G,g3f51,G51BDTIM,3537,3463,"05:30:00, 06:30:00, 07:15:00, 07:00:00, 07:30:00",non_numeric_coerced
TIME_OUT_OF_BED_CLOCK,J,j1f51,J51BDTIM,2115,2090,"07:30:00, 06:00:00, 04:30:00, 08:00:00, 05:30:00",non_numeric_coerced
TIME_SALIVA_SAMPLE2,F,f1mood,FHL061T,814,795,"20:45:00, 23:30:00, 19:35:00, 19:15:00, 19:00:00",non_numeric_coerced
TIME_SALIVA_SAMPLE3,F,f1mood,FHL071T,814,796,"20:45:00, 23:30:00, 19:35:00, 19:15:00, 19:00:00",non_numeric_coerced
TIME_SALIVA_SAMPLE4,F,f1mood,FHL081T,814,799,"12:30:00, 10:30:00, 11:30:00, 11:00:00, 10:15:00",non_numeric_coerced
TIME_SALIVA_SAMPLE5,F,f1mood,FHL091T,814,789,"16:20:00, 16:30:00, 12:30:00, 11:30:00, 17:00:00",non_numeric_coerced
TIME_SALIVA_SAMPLE6,F,f1mood,FHL101T,814,783,"21:30:00, 19:00:00, 18:15:00, 19:30:00, 17:00:00",non_numeric_coerced
TIME_SINCE_LAST_MEAL_VALUE,A,a7f22,A22PXML,5114,4760,"00:00:00, 03:30:00, 03:00:00, 16:30:00, 03:15:00",non_numeric_coerced
TIME_SINCE_LAST_MEAL_VALUE,D,d3f22,D22PXML,2982,2830,"10:30:00, 09:49:00, 10:14:00, 09:20:00, 09:42:00",non_numeric_coerced
TIME_SINCE_LAST_MEAL_VALUE,G,g3f22,G22PXML,2890,2890,"11:00:00, 10:00:00, 09:30:00, 00:00:00, 12:00:00",non_numeric_coerced
TIME_URINE_COLLECTED_CLOCK,E,e1f51,E51CTIM,3949,3535,"11:33:00, 12:01:00, 10:05:00, 10:00:00, 10:45:00",non_numeric_coerced
TIME_URINE_COLLECTED_CLOCK,F,f1f51,F51CTIM,3671,3320,"09:30:00, 11:35:00, 10:58:00, 10:40:00, 11:37:00",non_numeric_coerced
TIME_URINE_COLLECTED_CLOCK,G,g3f51,G51CDTIM,3537,3434,"07:34:00, 08:30:00, 09:00:00, 11:00:00, 08:10:00",non_numeric_coerced
TIME_URINE_COLLECTED_CLOCK,J,j1f51,J51CDTIM,2115,2092,"10:33:00, 08:40:00, 08:29:00, 11:25:00, 10:40:00",non_numeric_coerced
TIME_WAKE_UP_SALIVA1,F,f1mood,FHL042T,814,811,"05:57:00, 04:58:00, 06:00:00, 06:30:00, 05:58:00",non_numeric_coerced
TOTAL_CAC_AGATSTON_ADJUDICATED,H,h4ebct,Y25cactot,NA,NA,,varname_not_found_anywhere
UNADJUSTED_AGATSTON_SCORE_AVG,F,f3ebct,FR3UASCR,3671,1074,"21227, 30345, 40575, 10549, 30540",Short_ID_map_fail
URINE_COLLECTION_END_TIME,E,e1f53,E53URETM,3949,230,"11:30:00, 14:00:00, 13:50:00, 14:15:00, 16:05:00",non_numeric_coerced
URINE_COLLECTION_START_TIME,E,e1f53,E53URBTM,3949,235,"14:30:00, 14:00:00, 14:15:00, 16:00:00, 13:50:00",non_numeric_coerced
URINE_FLUSH_ACTUAL_START_TIME,F,f1mood,FHL17A1T,814,806,"17:58:00, 17:20:00, 19:10:00, 19:25:00, 17:45:00",non_numeric_coerced
URINE_FLUSH_ACTUAL_STOP_TIME,F,f1mood,FHL17B1T,814,808,"06:00:00, 05:40:00, 06:13:00, 05:00:00, 06:45:00",non_numeric_coerced
URINE_FLUSH_PLANNED_START_TIME,F,f1mood,FHL15V1T,814,810,"19:00:00, 18:00:00, 19:15:00, 17:30:00, 21:00:00",non_numeric_coerced
URINE_FLUSH_PLANNED_STOP_TIME,F,f1mood,FHL15V2T,814,810,"07:00:00, 06:00:00, 07:15:00, 05:30:00, 09:00:00",non_numeric_coerced
URINE_PROCESSING_TIME,E,e1f53,E53URPTM,3949,232,"15:05:00, 14:30:00, 14:05:00, 14:45:00, 14:35:00",non_numeric_coerced
URINE_RETURN_TIME_BY_COLLECTION,C,c1f39,C39RTIM3,1105,790,"10:25:00, 09:30:00, 14:55:00, 10:55:00, 12:30:00",non_numeric_coerced
URINE_SAMPLE_SLEEP_TIME_PREV_NIGHT,F,f1mood,FHL183T,814,793,"23:20:00, 00:00:00, 23:10:00, 23:05:00, 22:15:00",non_numeric_coerced
URINE_SAMPLE_WAKE_TIME,F,f1mood,FHL182T,814,793,"06:00:00, 05:30:00, 06:10:00, 05:00:00, 05:20:00",non_numeric_coerced
USUAL_WAKE_TIME,F,f1mood,FHL12IIT,814,805,"06:30:00, 06:08:00, 05:50:00, 06:00:00, 07:30:00",non_numeric_coerced
VCR_START_TIME,G,g3f77,G77VCTST,3252,3230,"00:29:04, 01:14:10, 01:48:14, 00:25:30, 00:11:04",non_numeric_coerced
VIGOROUS_EXERCISE_START_TIME,F,f1mood,FHL124AT,814,145,"10:30:00, 19:30:00, 18:00:00, 20:00:00, 17:40:00",non_numeric_coerced
WAIST_GIRTH1_CM,I,i1f20,I20WST1,3354,1018,"20229, 21227, 30345, 10600, 40575",Short_ID_map_fail
WAIST_GIRTH2_CM,I,i1f20,I20WST2,3354,1018,"20229, 21227, 30345, 10600, 40575",Short_ID_map_fail
WAIST_GIRTH_MEAN_CM,I,i1f20,I20WST,3354,1018,"20229, 21227, 30345, 10600, 40575",Short_ID_map_fail
WAKE_TIME_CLOCK,F,f4scort,FLHWKTM,811,810,"05:57:00, 04:58:00, 06:00:00, 06:30:00, 05:58:00",non_numeric_coerced
WEIGHT_DISCRIMINATION_SUMMARY_SCORE,I,i1f44,I44WTSUM,3283,997,"20229, 21227, 30345, 10600, 40575",Short_ID_map_fail
YALTA_QC_ID,F,f1f05,F05YQCID,NA,NA,,varname_not_found_anywhere
AGE_DISCRIMINATION_AT_HOME,I,i1f44,I44AGEHOM,3283,997,"20229, 21227, 30345, 10600, 40575",Short_ID_map_fail
AGE_DISCRIMINATION_AT_HOME_FREQUENCY,I,i1f44,I44AGEHOMF,3283,997,"20229, 21227, 30345, 10600, 40575",Short_ID_map_fail
AGE_DISCRIMINATION_AT_SCHOOL,I,i1f44,I44AGESCH,3283,997,"20229, 21227, 30345, 10600, 40575",Short_ID_map_fail
AGE_DISCRIMINATION_AT_SCHOOL_FREQUENCY,I,i1f44,I44AGESCHF,3283,997,"20229, 21227, 30345, 10600, 40575",Short_ID_map_fail
AGE_DISCRIMINATION_AT_WORK,I,i1f44,I44AGEWRK,3283,997,"20229, 21227, 30345, 10600, 40575",Short_ID_map_fail
AGE_DISCRIMINATION_AT_WORK_FREQUENCY,I,i1f44,I44AGEWRKF,3283,997,"20229, 21227, 30345, 10600, 40575",Short_ID_map_fail
AGE_DISCRIMINATION_GETTING_HOUSING,I,i1f44,I44AGEHOU,3283,997,"20229, 21227, 30345, 10600, 40575",Short_ID_map_fail
AGE_DISCRIMINATION_GETTING_HOUSING_FREQUENCY,I,i1f44,I44AGEHOUF,3283,997,"20229, 21227, 30345, 10600, 40575",Short_ID_map_fail
AGE_DISCRIMINATION_GETTING_JOB,I,i1f44,I44AGEJOB,3283,997,"20229, 21227, 30345, 10600, 40575",Short_ID_map_fail
AGE_DISCRIMINATION_GETTING_JOB_FREQUENCY,I,i1f44,I44AGEJOBF,3283,997,"20229, 21227, 30345, 10600, 40575",Short_ID_map_fail
AGE_DISCRIMINATION_GETTING_MEDICAL_CARE,I,i1f44,I44AGEMED,3283,997,"20229, 21227, 30345, 10600, 40575",Short_ID_map_fail
AGE_DISCRIMINATION_GETTING_MEDICAL_CARE_FREQUENCY,I,i1f44,I44AGEMEDF,3283,997,"20229, 21227, 30345, 10600, 40575",Short_ID_map_fail
AGE_DISCRIMINATION_IN_PUBLIC,I,i1f44,I44AGEPUB,3283,997,"20229, 21227, 30345, 10600, 40575",Short_ID_map_fail
AGE_DISCRIMINATION_IN_PUBLIC_FREQUENCY,I,i1f44,I44AGEPUBF,3283,997,"20229, 21227, 30345, 10600, 40575",Short_ID_map_fail
AGE_DISCRIMINATION_STRESS,I,i1f44,I44AGESTR,3283,997,"20229, 21227, 30345, 10600, 40575",Short_ID_map_fail
ANY_BLOOD_COLLECTED_FIRST_DRAW_DELAYED,G,g4f05,G05ABLDDW,NA,NA,,varname_not_found_anywhere
ANY_BLOOD_COLLECTED_SECOND_DRAW_DELAYED,G,g4f05,G05ABLDOZ,NA,NA,,varname_not_found_anywhere
ARM_USED_FOR_BP,G,g3f02,G02CARMT,NA,NA,,varname_not_found_anywhere
ARTERIAL_COMPLIANCE_SUBSTUDY_COMMENTS,E,e1f40,E40ACOMX,NA,NA,,varname_not_found_anywhere
ATRIAL_FIBRILLATION_HOSPITALIZATION,J,j1f31,J31IRRHOSM,NA,NA,,varname_not_found_anywhere
ATRIAL_FIBRILLATION_OR_IRREGULAR_HEARTBEAT,J,j1f31,J31IRRM,NA,NA,,varname_not_found_anywhere
ATRIAL_FIBRILLATION_PROCEDURE,J,j1f31,J31AFIBM,NA,NA,,varname_not_found_anywhere
AUSCULTATION_DIASTOLIC_MURMUR_DURATION,C,c1f41au,C41ADDUR,NA,NA,,varname_not_found_anywhere
BLEEDING_DISORDERS,G,g4f05,G05AHEMO,NA,NA,,varname_not_found_anywhere
BLOOD_CLOT_ANY,J,j1f31,J31BDCTM,NA,NA,,varname_not_found_anywhere
BLOOD_CLOT_LEG,J,j1f31,J31BCLEGM,NA,NA,,varname_not_found_anywhere
BLOOD_CLOT_LUNG,J,j1f31,J31BLUNGM,NA,NA,,varname_not_found_anywhere
COLD_SWEATS_3MO,I,i1f68,I68CSWET,1880,546,"20229, 10600, 40575, 30953, 30540",Short_ID_map_fail
CONTINUOUS_WAVE_DOPPLER_COMMENTS,E,e1f40,E40DOPX,NA,NA,,varname_not_found_anywhere
COVID19_EVER_DIAGNOSED_PROVIDER,J,j1f31,J31CVD19PRO,NA,NA,,varname_not_found_anywhere
COVID19_EVER_HAD,J,j1f31,J31CVD19,NA,NA,,varname_not_found_anywhere
COVID19_EVER_POSITIVE_TEST,J,j1f31,J31CVD19POS,NA,NA,,varname_not_found_anywhere
COVID19_EVER_TESTED,J,j1f31,J31CVD19TST,NA,NA,,varname_not_found_anywhere
COVID19_FIRST_TEST_RESULT,J,j1f31,J31CVD19RES,NA,NA,,varname_not_found_anywhere
COVID19_FIRST_TEST_TYPE,J,j1f31,J31CVD19TYP,NA,NA,,varname_not_found_anywhere
COVID19_HOSPITALIZATION,J,j1f31,J31CVD19H,NA,NA,,varname_not_found_anywhere
COVID19_RECOVERED_USUAL_HEALTH,J,j1f31,J31CVD19REC,NA,NA,,varname_not_found_anywhere
COVID19_TEST_REASON_CONTACT,J,j1f31,J31CVD19SOM,NA,NA,,varname_not_found_anywhere
COVID19_TEST_REASON_DOCTOR,J,j1f31,J31CVD19DR,NA,NA,,varname_not_found_anywhere
COVID19_TEST_REASON_SYMPTOMS,J,j1f31,J31CVD19SYM,NA,NA,,varname_not_found_anywhere
COVID19_TEST_REASON_WORRIED,J,j1f31,J31CVD19WOR,NA,NA,,varname_not_found_anywhere
CURRENTLY_TAKING_INSULIN_OR_ORAL_DRUGS,G,g4f05,G05AINSUL,NA,NA,,varname_not_found_anywhere
DENTIST_VISIT_ANY,J,j1f31,J31DENTM,NA,NA,,varname_not_found_anywhere
DEPRESSED_3MO,I,i1f68,I68BLUE,1880,546,"20229, 10600, 40575, 30953, 30540",Short_ID_map_fail
DIABETES_DIAGNOSED,G,g4f05,G05ADIAB,NA,NA,,varname_not_found_anywhere
EMERGENCY_ROOM_SATISFACTION,J,j1f31,J31EMSATM,NA,NA,,varname_not_found_anywhere
EMERGENCY_ROOM_VISIT_ANY,J,j1f31,J31EMERGM,NA,NA,,varname_not_found_anywhere
EXAM_AMPM,B,b3f02,AM_PM_1,NA,NA,,varname_not_found_anywhere
EXAM_AMPM,B,b3f02,AM_PM_2,NA,NA,,varname_not_found_anywhere
EXAM_AMPM,G,g3f02,G02CAMPM,NA,NA,,varname_not_found_anywhere
EXPECTED_TIME_SECOND_DRAW_AMPM,G,g4f05,G05AEXPTMX,NA,NA,,varname_not_found_anywhere
F08_ABPAP,H,h3f08,H08ABPAP,3485,NA,Found in 'h3f08__dup2' instead,varname_fallback_to_alt_dataset
F08_ABPAP,I,i1f08,I08ABPAP,3356,NA,Found in 'i1f08__dup2' instead,varname_fallback_to_alt_dataset
F08_BCNOW,H,h3f08,H08BCNOW,3485,NA,Found in 'h3f08__dup2' instead,varname_fallback_to_alt_dataset
F08_BCNOW,I,i1f08,I08BCNOW,3356,NA,Found in 'i1f08__dup2' instead,varname_fallback_to_alt_dataset
F08_BPH,I,i1f08,I08BPH,3356,NA,Found in 'i1f08__dup2' instead,varname_fallback_to_alt_dataset
F08_BPHYR,I,i1f08,I08BPHYR,3356,NA,Found in 'i1f08__dup2' instead,varname_fallback_to_alt_dataset
F08_BRSFD,H,h3f08,H08BRSFD,3485,NA,Found in 'h3f08__dup2' instead,varname_fallback_to_alt_dataset
F08_BRSFD,I,i1f08,I08BRSFD,3356,NA,Found in 'i1f08__dup2' instead,varname_fallback_to_alt_dataset
F08_BRTHC,H,h3f08,H08BRTHC,3485,NA,Found in 'h3f08__dup2' instead,varname_fallback_to_alt_dataset
F08_BRTHC,I,i1f08,I08BRTHC,3356,NA,Found in 'i1f08__dup2' instead,varname_fallback_to_alt_dataset
F08_DNTKW,H,h3f08,H08DNTKW,3485,NA,Found in 'h3f08__dup2' instead,varname_fallback_to_alt_dataset
F08_DNTKW,I,i1f08,I08DNTKW,3356,NA,Found in 'i1f08__dup2' instead,varname_fallback_to_alt_dataset
F08_ENDOM,H,h3f08,H08ENDOM,3485,NA,Found in 'h3f08__dup2' instead,varname_fallback_to_alt_dataset
F08_ENDOM,I,i1f08,I08ENDOM,3356,NA,Found in 'i1f08__dup2' instead,varname_fallback_to_alt_dataset
F08_FIBRD,H,h3f08,H08FIBRD,3485,NA,Found in 'h3f08__dup2' instead,varname_fallback_to_alt_dataset
F08_FIBRD,I,i1f08,I08FIBRD,3356,NA,Found in 'i1f08__dup2' instead,varname_fallback_to_alt_dataset
F08_HMNOW,H,h3f08,H08HMNOW,3485,NA,Found in 'h3f08__dup2' instead,varname_fallback_to_alt_dataset
F08_HMNOW,I,i1f08,I08HMNOW,3356,NA,Found in 'i1f08__dup2' instead,varname_fallback_to_alt_dataset
F08_HYSCR,H,h3f08,H08HYSCR,3485,NA,Found in 'h3f08__dup2' instead,varname_fallback_to_alt_dataset
F08_HYSCR,I,i1f08,I08HYSCR,3356,NA,Found in 'i1f08__dup2' instead,varname_fallback_to_alt_dataset
F08_HYSTR,H,h3f08,H08HYSTR,3485,NA,Found in 'h3f08__dup2' instead,varname_fallback_to_alt_dataset
F08_HYSTR,I,i1f08,I08HYSTR,3356,NA,Found in 'i1f08__dup2' instead,varname_fallback_to_alt_dataset
F08_INFCT,H,h3f08,H08INFCT,3485,NA,Found in 'h3f08__dup2' instead,varname_fallback_to_alt_dataset
F08_INFCT,I,i1f08,I08INFCT,3356,NA,Found in 'i1f08__dup2' instead,varname_fallback_to_alt_dataset
F08_OTHR,H,h3f08,H08OTHR,3485,NA,Found in 'h3f08__dup2' instead,varname_fallback_to_alt_dataset
F08_OTHR,I,i1f08,I08OTHR,3356,NA,Found in 'i1f08__dup2' instead,varname_fallback_to_alt_dataset
F08_OVRY,H,h3f08,H08OVRY,3485,NA,Found in 'h3f08__dup2' instead,varname_fallback_to_alt_dataset
F08_OVRY,I,i1f08,I08OVRY,3356,NA,Found in 'i1f08__dup2' instead,varname_fallback_to_alt_dataset
F08_PGCMP,H,h3f08,H08PGCMP,3485,NA,Found in 'h3f08__dup2' instead,varname_fallback_to_alt_dataset
F08_PGCMP,I,i1f08,I08PGCMP,3356,NA,Found in 'i1f08__dup2' instead,varname_fallback_to_alt_dataset
F08_PROLP,H,h3f08,H08PROLP,3485,NA,Found in 'h3f08__dup2' instead,varname_fallback_to_alt_dataset
F08_PROLP,I,i1f08,I08PROLP,3356,NA,Found in 'i1f08__dup2' instead,varname_fallback_to_alt_dataset
F08_TUBAL,H,h3f08,H08TUBAL,3485,NA,Found in 'h3f08__dup2' instead,varname_fallback_to_alt_dataset
F08_TUBAL,I,i1f08,I08TUBAL,3356,NA,Found in 'i1f08__dup2' instead,varname_fallback_to_alt_dataset
F08_VASEC,I,i1f08,I08VASEC,3356,NA,Found in 'i1f08__dup2' instead,varname_fallback_to_alt_dataset
FAST_AT_LEAST_8H,G,g4f05,G05AFST8H,NA,NA,,varname_not_found_anywhere
FAST_FOOD_FREQUENCY_CATEGORY,I,i1f48,I48FFFRQ,3260,992,"20229, 21227, 30345, 10600, 40575",Short_ID_map_fail
FLOW_RATE_HEAVY_DAYS_12MO,I,i1f68,I68NMFLW,1880,546,"20229, 10600, 40575, 30953, 30540",Short_ID_map_fail
FORGETFULNESS_3MO,I,i1f68,I68FRGET,1880,546,"20229, 10600, 40575, 30953, 30540",Short_ID_map_fail
FORM_SEX,E,e1f53,E53SEX,NA,NA,,varname_not_found_anywhere
GENDER_DISCRIMINATED_AT_HOME,I,i1f44,I44GHOMF,3283,997,"20229, 21227, 30345, 10600, 40575",Short_ID_map_fail
GENDER_DISCRIMINATED_AT_SCHOOL,I,i1f44,I44GSCHF,3283,997,"20229, 21227, 30345, 10600, 40575",Short_ID_map_fail
GENDER_DISCRIMINATED_AT_WORK,I,i1f44,I44GWRKF,3283,997,"20229, 21227, 30345, 10600, 40575",Short_ID_map_fail
GENDER_DISCRIMINATED_GETTING_HOUSING,I,i1f44,I44GHOUF,3283,997,"20229, 21227, 30345, 10600, 40575",Short_ID_map_fail
GENDER_DISCRIMINATED_GETTING_JOB,I,i1f44,I44GJOBF,3283,997,"20229, 21227, 30345, 10600, 40575",Short_ID_map_fail
GENDER_DISCRIMINATED_GETTING_MEDICAL_CARE,I,i1f44,I44GMEDF,3283,997,"20229, 21227, 30345, 10600, 40575",Short_ID_map_fail
GENDER_DISCRIMINATED_IN_PUBLIC,I,i1f44,I44GPUBF,3283,997,"20229, 21227, 30345, 10600, 40575",Short_ID_map_fail
GENDER_DISCRIMINATION_AT_HOME,I,i1f44,I44GNHOM,3283,997,"20229, 21227, 30345, 10600, 40575",Short_ID_map_fail
GENDER_DISCRIMINATION_AT_SCHOOL,I,i1f44,I44GNSCH,3283,997,"20229, 21227, 30345, 10600, 40575",Short_ID_map_fail
GENDER_DISCRIMINATION_AT_WORK,I,i1f44,I44GNWRK,3283,997,"20229, 21227, 30345, 10600, 40575",Short_ID_map_fail
GENDER_DISCRIMINATION_GETTING_HOUSING,I,i1f44,I44GNHOU,3283,997,"20229, 21227, 30345, 10600, 40575",Short_ID_map_fail
GENDER_DISCRIMINATION_GETTING_JOB,I,i1f44,I44GNJOB,3283,997,"20229, 21227, 30345, 10600, 40575",Short_ID_map_fail
GENDER_DISCRIMINATION_GETTING_MEDICAL_CARE,I,i1f44,I44GNMED,3283,997,"20229, 21227, 30345, 10600, 40575",Short_ID_map_fail
GENDER_DISCRIMINATION_IN_PUBLIC,I,i1f44,I44GNPUB,3283,997,"20229, 21227, 30345, 10600, 40575",Short_ID_map_fail
GENDER_DISCRIMINATION_STRESS,I,i1f44,I44GNSTR,3283,997,"20229, 21227, 30345, 10600, 40575",Short_ID_map_fail
GIRTH_PROTOCOL_MODIFIED,I,i1f20,I20GRMOD,3354,1018,"20229, 21227, 30345, 10600, 40575",Short_ID_map_fail
GIRTH_PROTOCOL_REASON,I,i1f20,I20GRRESN,3354,1018,"20229, 21227, 30345, 10600, 40575",Short_ID_map_fail
GLUCOSE_DRINK_COMPLETED,G,g4f05,G05ACOMPG,NA,NA,,varname_not_found_anywhere
GLUCOSE_DRINK_END_AMPM,G,g4f05,G05AGLENDX,NA,NA,,varname_not_found_anywhere
HEADACHES_3MO,I,i1f68,I68HDACH,1880,546,"20229, 10600, 40575, 30953, 30540",Short_ID_map_fail
HEIGHT_PROTOCOL_MODIFIED,I,i1f20,I20HTMOD,3354,1018,"20229, 21227, 30345, 10600, 40575",Short_ID_map_fail
HEIGHT_PROTOCOL_REASON,I,i1f20,I20HTRESN,3354,1018,"20229, 21227, 30345, 10600, 40575",Short_ID_map_fail
HIP_PROTOCOL_MODIFIED,I,i1f20,I20HPMOD,3354,1018,"20229, 21227, 30345, 10600, 40575",Short_ID_map_fail
HIP_PROTOCOL_REASON,I,i1f20,I20HPRESN,3354,1018,"20229, 21227, 30345, 10600, 40575",Short_ID_map_fail
HOSP3_CODE3,D,dflwup1,FY1083C3,NA,NA,,varname_not_found_anywhere
HOSPITALIZATION_SATISFACTION,J,j1f31,J31HSSATM,NA,NA,,varname_not_found_anywhere
HOSPITALIZED_SINCE_LAST_EXAM,J,j1f31,J31HOSM,NA,NA,,varname_not_found_anywhere
HOSP_ANGIOGRAM_OR_CATH_OUTPATIENT,J,j1f31,J31OUTANGIM,NA,NA,,varname_not_found_anywhere
HOSP_CARE_YEAR,D,d1f31a,D31CA3YR,NA,NA,,varname_not_found_anywhere
HOSP_CARE_YEAR,D,d1f31a,D31CA4YR,NA,NA,,varname_not_found_anywhere
HOSP_CARE_YEAR,D,d1f31a,D31CA5YR,NA,NA,,varname_not_found_anywhere
HOSP_CARE_YEAR,D,d1f31a,D31CA6YR,NA,NA,,varname_not_found_anywhere
HOSP_COVID19_HAD,J,j1f31,J31CVD19,NA,NA,,varname_not_found_anywhere
HOSP_EVENT_YEAR,D,d1f31a,D31EV3YR,NA,NA,,varname_not_found_anywhere
HOSP_EVENT_YEAR,D,d1f31a,D31EV4YR,NA,NA,,varname_not_found_anywhere
HOSP_EVENT_YEAR,D,d1f31a,D31EV5YR,NA,NA,,varname_not_found_anywhere
HOSP_EVENT_YEAR,D,d1f31a,D31EV6YR,NA,NA,,varname_not_found_anywhere
HOSP_KIDNEY_TRANSPLANT_SINCE_UPDATE,J,j1f31,J31KIDNDM,NA,NA,,varname_not_found_anywhere
HOSP_OPEN_BLOCKED_ARTERY_PROCEDURE,J,j1f31,J31OUTARTEM,NA,NA,,varname_not_found_anywhere
HOSP_OUTCOME,J,j1f31,J31OUTCOM1,NA,NA,,varname_not_found_anywhere
HOSP_OUTCOME,J,j1f31,J31OUTCOM2,NA,NA,,varname_not_found_anywhere
HOSP_OUTCOME,J,j1f31,J31OUTCOM3,NA,NA,,varname_not_found_anywhere
HOSP_OUTCOME,J,j1f31,J31OUTCOM4,NA,NA,,varname_not_found_anywhere
HOSP_OUTCOME,J,j1f31,J31OUTCOM5,NA,NA,,varname_not_found_anywhere
HOSP_OUTCOME,J,j1f31,J31OUTCOM6,NA,NA,,varname_not_found_anywhere
HOSP_OUTCOME,J,j1f31,J31OUTCOM7,NA,NA,,varname_not_found_anywhere
HOSP_OUTCOME,J,j1f31,J31OUTCOM8,NA,NA,,varname_not_found_anywhere
HOSP_OUTCOME,J,j1f31,J31OUTCOM9,NA,NA,,varname_not_found_anywhere
HOSP_OVERNIGHT_SLEEP_TEST_SINCE_EXAM,J,j1f31,J31SLPTESTM,NA,NA,,varname_not_found_anywhere
HOSP_RECORD_PERMISSION_HOSP,J,j1f31,J31PERMH,NA,NA,,varname_not_found_anywhere
HOSP_RECORD_PERMISSION_PROCEDURES,J,j1f31,J31PERMP,NA,NA,,varname_not_found_anywhere
HOSP_SAME_DAY_SURGERY_SINCE_UPDATE,J,j1f31,J31SMDAYM,NA,NA,,varname_not_found_anywhere
HOSP_SATISFACTION_J,J,j1f31,J31HSSATM,NA,NA,,varname_not_found_anywhere
HOSP_WEIGHT_LOSS_SURGERY_OUTPATIENT_STATUS,J,j1f31,J31WLSOUTPM,NA,NA,,varname_not_found_anywhere
HOSP_WEIGHT_LOSS_SURGERY_SINCE_UPDATE,J,j1f31,J31SURGWLM,NA,NA,,varname_not_found_anywhere
HOT_FLASHES_3MO,I,i1f68,I68HOTFL,1880,546,"20229, 10600, 40575, 30953, 30540",Short_ID_map_fail
HOT_FLASHES_BOTHER,I,i1f68,I68HFBOT,1880,546,"20229, 10600, 40575, 30953, 30540",Short_ID_map_fail
HOT_FLASHES_LIMIT_ACTIVITIES,I,i1f68,I68LIMIT,1880,546,"20229, 10600, 40575, 30953, 30540",Short_ID_map_fail
HOT_FLASHES_SINCE_40,I,i1f68,I68HOTFL40,1880,546,"20229, 10600, 40575, 30953, 30540",Short_ID_map_fail
ILL_PAST_24H,G,g4f05,G05AILL,NA,NA,,varname_not_found_anywhere
IMAGE_COMPONENT_OTHER_SPECIFY,H,h4f40,H40OTIMGX,NA,NA,,varname_not_found_anywhere
INSOMNIA_3MO,I,i1f68,I68INSOM,1880,546,"20229, 10600, 40575, 30953, 30540",Short_ID_map_fail
IRRITABILITY_3MO,I,i1f68,I68IRRIT,1880,546,"20229, 10600, 40575, 30953, 30540",Short_ID_map_fail
JOINT_STIFFNESS_3MO,I,i1f68,I68JOINT,1880,546,"20229, 10600, 40575, 30953, 30540",Short_ID_map_fail
KIDNEY_TRANSPLANT,J,j1f31,J31KIDNDM,NA,NA,,varname_not_found_anywhere
MAX_DAYS_BETWEEN_PERIODS_12MO,I,i1f68,I68NDMAX,1880,546,"20229, 10600, 40575, 30953, 30540",Short_ID_map_fail
MENOPAUSE_STATUS_12MO,I,i1f68,I68MNPSE,1880,546,"20229, 10600, 40575, 30953, 30540",Short_ID_map_fail
MENSTRUAL_CYCLES_REGULAR_12MO,I,i1f68,I68MNREG,1880,546,"20229, 10600, 40575, 30953, 30540",Short_ID_map_fail
MIN_DAYS_BETWEEN_PERIODS_12MO,I,i1f68,I68NDMIN,1880,546,"20229, 10600, 40575, 30953, 30540",Short_ID_map_fail
MOOD_CHANGES_3MO,I,i1f68,I68MOOD,1880,546,"20229, 10600, 40575, 30953, 30540",Short_ID_map_fail
MRI_CONSENT_SIGNED,I,i1f92a,I92CONS,663,199,"30540, 30384, 41595, 11328, 30416",Short_ID_map_fail
MRI_INITIAL_CONTACT_PARTICIPATION_WILLINGNESS,I,i1f92a,I92PPT,663,199,"30540, 30384, 41595, 11328, 30416",Short_ID_map_fail
MRI_INITIAL_CONTACT_PARTICIPATION_WILLINGNESS,I,i1f92a,I92PPTNO,663,199,"30540, 30384, 41595, 11328, 30416",Short_ID_map_fail
MRI_INITIAL_CONTACT_PARTICIPATION_WILLINGNESS,I,i1f92a,I92OTTM,663,199,"30540, 30384, 41595, 11328, 30416",Short_ID_map_fail
MRI_INITIAL_CONTACT_REFUSAL_REASONS,I,i1f92a,I92BUSY,663,199,"30540, 30384, 41595, 11328, 30416",Short_ID_map_fail
MRI_INITIAL_CONTACT_REFUSAL_REASONS,I,i1f92a,I92FEAR,663,199,"30540, 30384, 41595, 11328, 30416",Short_ID_map_fail
MRI_INITIAL_CONTACT_REFUSAL_REASONS,I,i1f92a,I92HEALTH,663,199,"30540, 30384, 41595, 11328, 30416",Short_ID_map_fail
MRI_INITIAL_CONTACT_REFUSAL_REASONS,I,i1f92a,I92NOTINT,663,199,"30540, 30384, 41595, 11328, 30416",Short_ID_map_fail
MRI_INITIAL_CONTACT_REFUSAL_REASONS,I,i1f92a,I92TRANSP,663,199,"30540, 30384, 41595, 11328, 30416",Short_ID_map_fail
MRI_INITIAL_CONTACT_REFUSAL_REASONS,I,i1f92a,I92OTX,663,199,"30540, 30384, 41595, 11328, 30416",Short_ID_map_fail
MRI_INITIAL_CONTACT_REFUSAL_REASONS,I,i1f92a,I92OTHER,663,199,"30540, 30384, 41595, 11328, 30416",Short_ID_map_fail
MRI_INITIAL_CONTACT_SAFETY_SCREEN,I,i1f92a,I92BRACES,663,199,"30540, 30384, 41595, 11328, 30416",Short_ID_map_fail
MRI_INITIAL_CONTACT_SAFETY_SCREEN,I,i1f92a,I92CAI,663,199,"30540, 30384, 41595, 11328, 30416",Short_ID_map_fail
MRI_INITIAL_CONTACT_SAFETY_SCREEN,I,i1f92a,I92CLAUS,663,199,"30540, 30384, 41595, 11328, 30416",Short_ID_map_fail
MRI_INITIAL_CONTACT_SAFETY_SCREEN,I,i1f92a,I92DEV,663,199,"30540, 30384, 41595, 11328, 30416",Short_ID_map_fail
MRI_INITIAL_CONTACT_SAFETY_SCREEN,I,i1f92a,I92EAR,663,199,"30540, 30384, 41595, 11328, 30416",Short_ID_map_fail
MRI_INITIAL_CONTACT_SAFETY_SCREEN,I,i1f92a,I92FLAT,663,199,"30540, 30384, 41595, 11328, 30416",Short_ID_map_fail
MRI_INITIAL_CONTACT_SAFETY_SCREEN,I,i1f92a,I92METAL,663,199,"30540, 30384, 41595, 11328, 30416",Short_ID_map_fail
MRI_INITIAL_CONTACT_SAFETY_SCREEN,I,i1f92a,I92NEURO,663,199,"30540, 30384, 41595, 11328, 30416",Short_ID_map_fail
MRI_INITIAL_CONTACT_SAFETY_SCREEN,I,i1f92a,I92PACE,663,199,"30540, 30384, 41595, 11328, 30416",Short_ID_map_fail
MRI_INITIAL_CONTACT_SAFETY_SCREEN,I,i1f92a,I92STENT,663,199,"30540, 30384, 41595, 11328, 30416",Short_ID_map_fail
MRI_INITIAL_CONTACT_SAFETY_SCREEN,I,i1f92a,I92STENTSP,663,199,"30540, 30384, 41595, 11328, 30416",Short_ID_map_fail
MRI_INITIAL_CONTACT_SAFETY_SCREEN,I,i1f92a,I92TAT,663,199,"30540, 30384, 41595, 11328, 30416",Short_ID_map_fail
MRI_INITIAL_CONTACT_Y25_HISTORY,I,i1f92a,I92Y25PPT,663,199,"30540, 30384, 41595, 11328, 30416",Short_ID_map_fail
MRI_INITIAL_CONTACT_Y25_HISTORY,I,i1f92a,I92Y25L3V,663,199,"30540, 30384, 41595, 11328, 30416",Short_ID_map_fail
MRI_INITIAL_CONTACT_Y25_HISTORY,I,i1f92a,I92Y25LEVSP,663,199,"30540, 30384, 41595, 11328, 30416",Short_ID_map_fail
MRI_PREGNANCY_TEST_COMPLETED,I,i1f92a,I92PREG,663,199,"30540, 30384, 41595, 11328, 30416",Short_ID_map_fail
NEIGHBORHOOD_CLOSE_KNIT,I,i1f56,I56CLOSE,3270,992,"20229, 21227, 30345, 10600, 40575",Short_ID_map_fail
NEIGHBORHOOD_CONFLICT,I,i1f56,I56CNFLT,3270,992,"20229, 21227, 30345, 10600, 40575",Short_ID_map_fail
NEIGHBORHOOD_DIFFERENT_VALUES,I,i1f56,I56VALU,3270,992,"20229, 21227, 30345, 10600, 40575",Short_ID_map_fail
NEIGHBORHOOD_HELPFUL_NEIGHBORS,I,i1f56,I56HELP,3270,992,"20229, 21227, 30345, 10600, 40575",Short_ID_map_fail
